-- =============================================================================
-- MIGRATION 005: Seed Data
-- Guru Spenturi v2 - Initial Data
-- Created: 2026-06-14
-- 
-- NOTE: This migration should be run after creating auth.users
-- Create admin user first via Supabase Dashboard > Authentication > Users
-- Then update the UUID below with the admin user's ID
-- =============================================================================

-- -----------------------------------------------------------------------------
-- 1. Insert default pengaturan sekolah
-- -----------------------------------------------------------------------------
INSERT INTO pengaturan_sekolah (id, nama_sekolah, alamat, mode_ttd_kepsek, mode_pemeliharaan)
VALUES (
    gen_random_uuid(),
    'SMP Negeri 1 Spenturi',
    'Jl. Raya Spenturi No. 1, Kecamatan Spenturi, Kabupaten Spenturi',
    'basah',
    false
);

-- -----------------------------------------------------------------------------
-- 2. Insert tahun pelajaran
-- -----------------------------------------------------------------------------
INSERT INTO tahun_pelajaran (id, nama)
VALUES 
    ('a0000000-0000-0000-0000-000000000001', '2025/2026'),
    ('a0000000-0000-0000-0000-000000000002', '2026/2027');

-- -----------------------------------------------------------------------------
-- 3. Insert semester
-- -----------------------------------------------------------------------------
INSERT INTO semester (id, tahun_pelajaran_id, nama, status, mode_penilaian)
VALUES 
    ('b0000000-0000-0000-0000-000000000001', 'a0000000-0000-0000-0000-000000000001', 'Ganjil 2025/2026', 'aktif', 'pts'),
    ('b0000000-0000-0000-0000-000000000002', 'a0000000-0000-0000-0000-000000000001', 'Genap 2025/2026', 'nonaktif', 'semester'),
    ('b0000000-0000-0000-0000-000000000003', 'a0000000-0000-0000-0000-000000000002', 'Ganjil 2026/2027', 'nonaktif', 'pts');

-- -----------------------------------------------------------------------------
-- 4. Insert mata pelajaran
-- -----------------------------------------------------------------------------
INSERT INTO mata_pelajaran (id, kode_mapel, nama, kelompok, agama)
VALUES
    ('c0000000-0000-0000-0000-000000000001', 'B.INDO', 'Bahasa Indonesia', 'A', NULL),
    ('c0000000-0000-0000-0000-000000000002', 'B.ING', 'Bahasa Inggris', 'A', NULL),
    ('c0000000-0000-0000-0000-000000000003', 'MTK', 'Matematika', 'A', NULL),
    ('c0000000-0000-0000-0000-000000000004', 'IPA', 'Ilmu Pengetahuan Alam', 'A', NULL),
    ('c0000000-0000-0000-0000-000000000005', 'IPS', 'Ilmu Pengetahuan Sosial', 'A', NULL),
    ('c0000000-0000-0000-0000-000000000006', 'PKn', 'Pendidikan Pancasila dan Kewarganegaraan', 'A', NULL),
    ('c0000000-0000-0000-0000-000000000007', 'PJOK', 'Pendidikan Jasmani, Olahraga, dan Kesehatan', 'A', NULL),
    ('c0000000-0000-0000-0000-000000000008', 'SBK', 'Seni Budaya dan Keterampilan', 'A', NULL),
    ('c0000000-0000-0000-0000-000000000009', 'PRAK', 'Prakarya', 'A', NULL),
    ('c0000000-0000-0000-0000-000000000010', 'B.JAWA', 'Bahasa Jawa', 'B', NULL),
    ('c0000000-0000-0000-0000-000000000011', 'PAI', 'Pendidikan Agama Islam', 'C', 'Islam'),
    ('c0000000-0000-0000-0000-000000000012', 'PKS', 'Pendidikan Agama Kristen', 'C', 'Kristen'),
    ('c0000000-0000-0000-0000-000000000013', 'PAH', 'Pendidikan Agama Hindu', 'C', 'Hindu');

-- -----------------------------------------------------------------------------
-- 5. Insert kepala sekolah
-- -----------------------------------------------------------------------------
INSERT INTO kepala_sekolah (id, nama, nip, status)
VALUES (
    'd0000000-0000-0000-0000-000000000001',
    'Drs. H. Ahmad Dahlan, M.Pd.',
    '196501011990011001',
    'aktif'
);

-- -----------------------------------------------------------------------------
-- 6. Sample guru data
-- -----------------------------------------------------------------------------
INSERT INTO guru (id, kode_guru, urutan, nama, status_pegawai, nip, status)
VALUES
    ('e0000000-0000-0000-0000-000000000001', 'GR-001', 1, 'Drs. Budi Santoso', 'PNS', '196801151994031001', 'aktif'),
    ('e0000000-0000-0000-0000-000000000002', 'GR-002', 2, 'Siti Rahayu, S.Pd.', 'PNS', '197202201998022001', 'aktif'),
    ('e0000000-0000-0000-0000-000000000003', 'GR-003', 3, 'Ahmad Wijaya, S.Pd.', 'PPPK', '198505102010011001', 'aktif'),
    ('e0000000-0000-0000-0000-000000000004', 'GR-004', 4, 'Dewi Kusuma, M.Pd.', 'PNS', '197808152005012001', 'aktif'),
    ('e0000000-0000-0000-0000-000000000005', 'GR-005', 5, 'Joko Pramono', 'GTT', '-', 'aktif');

-- -----------------------------------------------------------------------------
-- 7. Sample siswa data
-- -----------------------------------------------------------------------------
INSERT INTO siswa (id, nis, nisn, nipd, nama, jenis_kelamin, status)
VALUES
    ('f0000000-0000-0000-0000-000000000001', '2025001', '0012345678', '1234567890', 'Ahmad Fadillah', 'L', 'aktif'),
    ('f0000000-0000-0000-0000-000000000002', '2025002', '0012345679', '1234567891', 'Bella Safitri', 'P', 'aktif'),
    ('f0000000-0000-0000-0000-000000000003', '2025003', '0012345680', '1234567892', 'Candra Wijaya', 'L', 'aktif'),
    ('f0000000-0000-0000-0000-000000000004', '2025004', '0012345681', '1234567893', 'Diana Putri', 'P', 'aktif'),
    ('f0000000-0000-0000-0000-000000000005', '2025005', '0012345682', '1234567894', 'Eko Prasetyo', 'L', 'aktif'),
    ('f0000000-0000-0000-0000-000000000006', '2024001', '0012345683', '1234567895', 'Fitri Handayani', 'P', 'aktif'),
    ('f0000000-0000-0000-0000-000000000007', '2024002', '0012345684', '1234567896', 'Gunawan Hidayat', 'L', 'aktif'),
    ('f0000000-0000-0000-0000-000000000008', '2024003', '0012345685', '1234567897', 'Hana Amelia', 'P', 'aktif'),
    ('f0000000-0000-0000-0000-000000000009', '2023001', '0012345686', '1234567898', 'Irfan Hakim', 'L', 'aktif'),
    ('f0000000-0000-0000-0000-000000000010', '2023002', '0012345687', '1234567899', 'Jasmine Rahman', 'P', 'aktif');

-- -----------------------------------------------------------------------------
-- 8. Sample kelas dapodik
-- -----------------------------------------------------------------------------
INSERT INTO kelas_dapo (id, semester_id, nama, jenjang)
VALUES
    ('g0000000-0000-0000-0000-000000000001', 'b0000000-0000-0000-0000-000000000001', 'VII-A', 7),
    ('g0000000-0000-0000-0000-000000000002', 'b0000000-0000-0000-0000-000000000001', 'VII-B', 7),
    ('g0000000-0000-0000-0000-000000000003', 'b0000000-0000-0000-0000-000000000001', 'VIII-A', 8),
    ('g0000000-0000-0000-0000-000000000004', 'b0000000-0000-0000-0000-000000000001', 'VIII-B', 8),
    ('g0000000-0000-0000-0000-000000000005', 'b0000000-0000-0000-0000-000000000001', 'IX-A', 9);

-- Sample kelas real
INSERT INTO kelas_real (id, semester_id, nama, jenjang)
VALUES
    ('h0000000-0000-0000-0000-000000000001', 'b0000000-0000-0000-0000-000000000001', 'VII-A', 7),
    ('h0000000-0000-0000-0000-000000000002', 'b0000000-0000-0000-0000-000000000001', 'VII-B', 7),
    ('h0000000-0000-0000-0000-000000000003', 'b0000000-0000-0000-0000-000000000001', 'VIII-A', 8),
    ('h0000000-0000-0000-0000-000000000004', 'b0000000-0000-0000-0000-000000000001', 'VIII-B', 8),
    ('h0000000-0000-0000-0000-000000000005', 'b0000000-0000-0000-0000-000000000001', 'IX-A', 9);

-- -----------------------------------------------------------------------------
-- 9. Sample siswa_kelas
-- -----------------------------------------------------------------------------
INSERT INTO siswa_kelas (siswa_id, semester_id, kelas_dapo_id, kelas_real_id, nomor_absen_dapo, nomor_absen_real)
VALUES
    ('f0000000-0000-0000-0000-000000000001', 'b0000000-0000-0000-0000-000000000001', 'g0000000-0000-0000-0000-000000000001', 'h0000000-0000-0000-0000-000000000001', 1, 1),
    ('f0000000-0000-0000-0000-000000000002', 'b0000000-0000-0000-0000-000000000001', 'g0000000-0000-0000-0000-000000000001', 'h0000000-0000-0000-0000-000000000001', 2, 2),
    ('f0000000-0000-0000-0000-000000000003', 'b0000000-0000-0000-0000-000000000001', 'g0000000-0000-0000-0000-000000000001', 'h0000000-0000-0000-0000-000000000001', 3, 3),
    ('f0000000-0000-0000-0000-000000000004', 'b0000000-0000-0000-0000-000000000001', 'g0000000-0000-0000-0000-000000000001', 'h0000000-0000-0000-0000-000000000001', 4, 4),
    ('f0000000-0000-0000-0000-000000000005', 'b0000000-0000-0000-0000-000000000001', 'g0000000-0000-0000-0000-000000000001', 'h0000000-0000-0000-0000-000000000001', 5, 5),
    ('f0000000-0000-0000-0000-000000000006', 'b0000000-0000-0000-0000-000000000001', 'g0000000-0000-0000-0000-000000000003', 'h0000000-0000-0000-0000-000000000003', 1, 1),
    ('f0000000-0000-0000-0000-000000000007', 'b0000000-0000-0000-0000-000000000001', 'g0000000-0000-0000-0000-000000000003', 'h0000000-0000-0000-0000-000000000003', 2, 2),
    ('f0000000-0000-0000-0000-000000000008', 'b0000000-0000-0000-0000-000000000001', 'g0000000-0000-0000-0000-000000000003', 'h0000000-0000-0000-0000-000000000003', 3, 3),
    ('f0000000-0000-0000-0000-000000000009', 'b0000000-0000-0000-0000-000000000001', 'g0000000-0000-0000-0000-000000000005', 'h0000000-0000-0000-0000-000000000005', 1, 1),
    ('f0000000-0000-0000-0000-000000000010', 'b0000000-0000-0000-0000-000000000001', 'g0000000-0000-0000-0000-000000000005', 'h0000000-0000-0000-0000-000000000005', 2, 2);

-- =============================================================================
-- INSTRUCTIONS:
-- 1. Create initial admin user via Supabase Dashboard > Authentication
-- 2. Update the pengguna table with the admin's UUID:
--    UPDATE pengguna SET id = '<admin-uuid>' WHERE username = 'admin';
-- 3. Link guru to users if needed
-- =============================================================================

-- =============================================================================
-- END OF MIGRATION 005
-- =============================================================================